排名,CPU,TDP,实际频率,核心,线程,L2,L3
1,AMD Ryzen Threadripper 2970WX,250,3000,24,48,12MB , 64M
2,AMD Ryzen Threadripper 2950X,180,3500,16,32,8MB , 32MB
3,AMD Ryzen Threadripper 1950X,180,3400,16,32,8MB , 32MB
4,AMD Ryzen Threadripper 2920X,180,3500,12,24,6MB , 32MB
5,Intel Core i9-9900K,95,3600,8,16,2MB , 16MB
6,Intel Core i9-9980HK,45,2400,8,16,2MB , 16MB
7,Intel Core i9-7900X,140,3300,10,20,10MB ,13MB
8,Intel Xeon W-2145,140,3700,8,16,8MB , 11MB
9,Intel Core i9-9880H,45,2300,8,16,2MB , 16MB
10,Intel Core i7-6950X,120,3000,10,20,2.5MB ,25MB
11,Intel Core i7-9700K,95,3600,8,8,2MB , 16MB
12,Intel Core i7-9850H,45,2600,6,12,1.5MB , 9M
13,Intel Core i7-8086K,95,3700,6,12,1.5MB ,12MB
14,Intel Core i7-8700K,95,3700,6,12,1.5MB ,12MB
15,Intel Core i7-9750H,45,2600,6,12,1.5MB , 9M
16,AMD Ryzen 7 2700X,105,3700,8,16,4MB , 16MB
17,Intel Core i9-8950HK,45,2900,6,12,1.5MB ,12MB
18,Intel Xeon E-2186M,45,2900,6,12,1.5MB ,12MB
19,Intel Xeon E-2176G,80,3700,6,12,1.5MB ,12MB
20,Intel Core i7-8700,65,3200,6,12,1.5MB ,12MB
21,AMD Ryzen 7 2700,65,3200,8,16,4MB , 16MB
22,AMD Ryzen 7 1800X,95,3600,8,16,4MB , 16MB
23,AMD Ryzen 7 1700X,95,3400,8,16,4MB , 16MB
24,Intel Xeon E5-2680 v4,120,2400,14,28,3.5MB ,35MB
25,Intel Xeon E5-2697 v2,130,2700,12,24,3MB , 30MB
26,Intel Core i5-9600K,95,3700,6,6,1.5MB , 9M
27,Intel Xeon E-2176M,45,2700,6,12,1.5MB ,12MB
28,Intel Core i7-8850H,45,2600,6,12,1.5MB , 9M
29,Intel Core i7-7740X,112,4300,4,8,1MB , 8MB
30,Intel Core i5-8600K,95,3600,6,6,1.5MB , 9M
31,Intel Core i7-7700K,91,4200,4,8,1MB , 8MB
32,Intel Core i5-8500,65,3000,6,6,1.5MB , 9M
33,Intel Core i7-8750H,45,2200,6,12,1.5MB , 9M
34,Intel Core i5-8400,65,2800,6,6,1.5MB , 9M
35,Intel Core i7-5960X,140,3000,8,16,2MB , 20MB
36,AMD Ryzen 7 1700,65,3000,8,16,4MB , 16MB
37,AMD Ryzen 5 2600X,95,3600,6,12,4MB , 16MB
38,AMD Ryzen 5 2600,65,3400,6,12,4MB , 16MB
39,Intel Core i5-8500T,35,2100,6,6,1.5MB , 9M
40,Intel Core i7-4960X,130,3600,6,12,1.5MB ,15MB
41,Intel Core i7-7700,65,3600,4,8,1MB , 8MB
42,Intel Core i7-6700K,91,4000,4,8,1MB , 8MB
43,Intel Xeon E5-2680,130,2700,8,16,2MB , 20MB
44,Intel Core i7-3960X,130,3300,6,12,1.5MB ,15MB
45,Intel Core i7-8809G,100,3100,4,8,1MB , 8MB
46,Intel Core i7-4790K,88,4000,4,8,1MB , 8MB
47,Intel Core i5-9400H,45,2500,4,8,1MB , 8MB
48,AMD Ryzen 5 1600,65,3200,6,12,3MB , 16MB
49,Intel Xeon E3-1280 v5,80,3700,4,8,1MB , 8MB
50,Intel Core i7-6700,65,3400,4,8,1MB , 8MB
51,Intel Xeon E3-1535M v6,45,3100,4,8,1MB , 8MB
52,Intel Core i5-8400H,45,2500,4,8,1MB , 8MB
53,Intel Core i7-8709G,100,3100,4,8,1MB , 8MB
54,Intel Core i7-8706G,65,3100,4,8,1MB , 8MB
55,Intel Core i7-8705G,65,3100,4,8,1MB , 8MB
56,Intel Core i7-7920HQ,45,3100,4,8,1MB , 8MB
57,Intel Core i5-9300H,45,2400,4,8,1MB , 8MB
58,Intel Core i7-4790,84,3600,4,8,1MB , 8MB
59,Intel Core i5-7600K,91,3800,4,4,1MB , 8MB
60,Intel Core i7-5775C,65,3300,4,8,1MB , 6MB
61,Intel Core i7-4770K,84,3500,4,8,1MB , 8MB
62,Intel Core i7-4790S,65,3200,4,8,1MB , 8MB
63,Intel Xeon E3-1505M v6,45,3000,4,8,1MB , 8MB
64,Intel Core i5-8300H,45,2300,4,8,1MB , 8MB
65,Intel Xeon E3-1575M v5,45,3000,4,8,1MB , 8MB
66,AMD Ryzen 5 1500X,65,3500,4,8,2MB , 16MB
67,Intel Core i7-4940MX,57,3100,4,8,1MB , 8MB
68,Intel Core i7-7820HQ,45,2900,4,8,1MB , 8MB
69,Intel Core i7-7820HK,45,2900,4,8,1MB , 8MB
70,Intel Core i7-6920HQ,45,2900,4,8,1MB , 8MB
71,Intel Xeon E3-1545M v5,45,2900,4,8,1MB , 8MB
72,Intel Core i7-5950HQ,47,2900,4,8,1MB , 6MB
73,Intel Core i7-4930MX,57,3000,4,8,1MB , 8MB
74,Intel Xeon E3-1535M v5,45,2900,4,8,1MB , 8MB
75,Intel Core i7-6970HQ,45,2800,4,8,1MB , 8MB
76,AMD Ryzen 5 2400G,65,3600,4,8,2MB , 4MB
77,Intel Core i7-7700HQ,45,2800,4,8,1MB , 6MB
78,Intel Core i5-8305G,65,2800,4,8,1MB , 6MB
79,Intel Core i5-7500,65,3400,4,4,1MB , 6MB
80,Intel Xeon E3-1515M v5,45,2800,4,8,1MB , 8MB
81,Intel Xeon E3-1505M v5,45,2800,4,8,1MB , 8MB
82,Intel Core i7-6870HQ,45,2700,4,8,1MB , 8MB
83,Intel Core i7-4980HQ,47,2800,4,8,1MB , 6MB
84,Intel Core i7-4910MQ,47,2900,4,8,1MB , 8MB
85,Intel Xeon E3-1231 v3,80,3400,4,8,1MB , 8MB
86,Intel Xeon E3-1230 v3,80,3300,4,8,1MB , 8MB
87,Intel Core i7-8559U,28,2700,4,8,1MB , 8MB
88,Intel Core i7-8557U,28,1700,4,8,1MB , 8MB
89,Intel Core i7-5850HQ,47,2700,4,8,1MB , 6MB
90,Intel Core i5-6600K,91,3500,4,4,1MB , 6MB
91,Intel Core i7-3770K,77,3500,4,8,1MB , 8MB
92,Intel Core i7-3940XM,55,3000,4,8,1MB , 8MB
93,Intel Core i5-8269U,28,2600,4,8,1MB , 6MB
94,Intel Core i7-5700HQ,47,2700,4,8,1MB , 6MB
95,Intel Core i7-5750HQ,47,2500,4,8,1MB , 6MB
96,Intel Core i7-6820HK,45,2700,4,8,1MB , 8MB
97,Intel Core i7-6820HQ,45,2700,4,8,1MB , 8MB
98,Intel Core i7-6770HQ,45,2600,4,8,1MB , 6MB
99,Intel Core i7-6700T,35,2800,4,8,1MB , 6MB
100,AMD Ryzen 5 1400,65,3200,4,8,2MB , 8MB
101,Intel Core i5-8259U,28,2300,4,8,1MB , 6MB
102,Intel Core i5-8257U,15,1400,4,8,1MB , 6MB
103,Intel Core i7-4900MQ,47,2800,4,8,1MB , 8MB
104,Intel Core i7-4960HQ,47,2600,4,8,1MB , 6MB
105,Intel Core i7-6700HQ,45,2600,4,8,1MB , 6MB
106,Intel Core i7-4810MQ,47,2800,4,8,1MB , 6MB
107,Intel Core i7-4870HQ,47,2500,4,8,1MB , 6MB
108,AMD Ryzen 3 1300X,65,3500,4,4,2MB , 8MB
109,AMD Ryzen 7 3750H,35,2300,4,8,2MB , 4MB
110,AMD Ryzen 7 3700U,15,2300,4,8,2MB , 4MB
111,AMD Ryzen 7 PRO 3700U,15,2300,4,8,2MB , 4MB
112,Intel Core i7-8650U,15,1900,4,8,1MB , 8MB
113,Intel Core i7-3920XM,55,2900,4,8,1MB , 8MB
114,Intel Core i7-4800MQ,47,2700,4,8,1MB , 6MB
115,Intel Core i7-8665U,15,1900,4,8,1MB , 8MB
116,Intel Core i7-4950HQ,47,2400,4,8,1MB , 6MB
117,Intel Core i7-2700K,95,3500,4,8,1MB , 8MB
118,Intel Core i7-4860HQ,47,2400,4,8,1MB , 6MB
119,Intel Core i7-4720HQ,47,2600,4,8,1MB , 6MB
120,Intel Core i7-3840QM,45,2800,4,8,1MB , 8MB
121,Intel Core i7-4850HQ,47,2300,4,8,1MB , 6MB
122,Intel Core i7-4710HQ,47,2500,4,8,1MB , 6MB
123,Intel Core i7-4710MQ,47,2500,4,8,1MB , 6MB
124,Intel Core i7-1065G7,15,1300,4,8,2MB , 8MB
125,Intel Core i7-8565U,15,1800,4,8,1MB , 8MB
126,Intel Core i7-4770HQ,47,2200,4,8,1MB , 6MB
127,Intel Core i5-1035G7,15,1200,4,8,2MB , 6MB
128,Intel Core i5-1035G4,15,1100,4,8,2MB , 6MB
129,Intel Core i5-1035G1,15,1200,4,8,2MB , 6MB
130,Intel Core i7-3820QM,45,2700,4,8,1MB , 8MB
131,Intel Core i7-2600K,95,3400,4,8,1MB , 8MB
132,Intel Core i5-7440HQ,45,2800,4,4,1MB , 6MB
133,Intel Core i5-1034G1,15,800,4,8,2MB , 6MB
134,Intel Core i5-8365U,15,1600,4,8,1MB , 6MB
135,Intel Core i7-3740QM,45,2700,4,8,1MB , 6MB
136,Intel Core i7-3720QM,45,2600,4,8,1MB , 6MB
137,Intel Core i7-4700HQ,47,2400,4,8,1MB , 6MB
138,Intel Core i7-4700MQ,47,2400,4,8,1MB , 6MB
139,Intel Core i7-4760HQ,47,2100,4,8,1MB , 6MB
140,Intel Core i7-4722HQ,37,2400,4,8,1MB , 6MB
141,Intel Core i5-8265U,15,1600,4,8,1MB , 6MB
142,Intel Xeon E3-1226 v3,84,3300,4,4,1MB , 8MB
143,Intel Core i5-4590,84,3300,4,4,1MB , 6MB
144,AMD Ryzen 7 2800H,35,3300,4,8,2MB , 4MB
145,Intel Core i7-2960XM,55,2700,4,8,1MB , 8MB
146,AMD Ryzen 7 2700U,15,2200,4,8,2MB , 4MB
147,AMD Ryzen 7 PRO 2700U,15,2200,4,8,2MB , 4MB
148,AMD Ryzen 5 3550H,35,2100,4,8,2MB , 4MB
149,AMD Ryzen 5 3500U,15,2100,4,8,2MB , 4MB
150,AMD Ryzen 5 PRO 3500U,15,2100,4,8,2MB , 4MB
151,Intel Core i5-3570K,77,3400,4,4,1MB , 6MB
152,Intel Core i5-6500,65,3200,4,4,1MB , 6MB
153,Intel Core i7-7567U,28,3500,2,4,512KB , 4M
154,Intel Core i7-8550U,15,1800,4,8,1MB , 8MB
155,AMD Ryzen 5 2600H,45,3200,4,8,2MB , 4MB
156,Intel Core i7-7660U,15,2500,2,4,512KB , 4M
157,Intel Core i3-1005G1,15,1200,2,4,1MB , 4MB
158,Intel Core i7-7600U,15,2800,2,4,512KB , 4M
159,Intel Core i7-4712HQ,37,2300,4,8,1MB , 6MB
160,Intel Core i7-4712MQ,37,2300,4,8,1MB , 6MB
161,Intel Core i7-4750HQ,47,2000,4,8,1MB , 6MB
162,Intel Core i7-3635QM,45,2400,4,8,1MB , 6MB
163,Intel Core i7-3630QM,45,2400,4,8,1MB , 6MB
164,Intel Core i5-3550,77,3300,4,4,1MB , 6MB
165,Intel Core i7-4702HQ,37,2200,4,8,1MB , 6MB
166,Intel Core i7-4702MQ,37,2200,4,8,1MB , 6MB
167,Intel Core i7-2860QM,45,2500,4,8,1MB , 8MB
168,Intel Core i7-2920XM,55,2500,4,8,1MB , 8MB
169,Intel Core i5-3470,77,3200,4,4,1MB , 6MB
170,Intel Core i7-3615QM,45,2300,4,8,1MB , 6MB
171,Intel Core i7-3610QM,45,2300,4,8,1MB , 6MB
172,AMD FX-8350,125,4000,8,8,8MB , 8MB
173,Intel Core i5-2500K,95,3300,4,4,1MB , 6MB
174,Intel Core i5-6600T,35,2700,4,4,1MB , 6MB
175,Intel Core i5-7300HQ,45,2500,4,4,1MB , 6MB
176,Intel Core i5-6440HQ,45,2600,4,4,1MB , 6MB
177,Intel Core i5-4460,84,3200,4,4,1MB , 6MB
178,Intel Core i7-3632QM,35,2200,4,8,1MB , 6MB
179,Intel Core i5-6350HQ,45,2300,4,4,1MB , 6MB
180,AMD Ryzen 3 2200G,65,3500,4,4,2MB , 4MB
181,Intel Core i5-6300HQ,45,2300,4,4,1MB , 6MB
182,Intel Core i5-8350U,15,1700,4,8,1MB , 6MB
183,AMD Ryzen 3 1200,65,3100,4,4,2MB , 8MB
184,Intel Core i5-7500T,35,2700,4,4,1MB , 6MB
185,Intel Core i5-4430,84,3000,4,4,1MB , 6MB
186,Intel Core i5-8250U,15,1600,4,8,1MB , 6MB
187,AMD Ryzen 5 2500U,15,2000,4,8,2MB , 4MB
188,AMD Ryzen 5 PRO 2500U,15,2000,4,8,2MB , 4MB
189,Intel Core i3-8100H,45,3000,4,4,1MB , 8MB
190,Intel Core i7-2760QM,45,2400,4,8,1MB , 6MB
191,Intel Core i5-7287U,28,3300,2,4,512KB , 4M
192,Intel Core i7-7560U,15,2400,2,4,512KB , 4M
194,Intel Core i3-8145U,15,2100,2,4,1MB , 4MB
195,Intel Core i5-6400,65,2700,4,4,1MB , 6MB
196,Intel Core i5-6500T,35,2500,4,4,1MB , 6MB
197,Intel Core i5-2400,95,3100,4,4,1MB , 6MB
198,Intel Core i7-2820QM,45,2300,4,8,1MB , 8MB
199,Intel Core i7-3612QM,35,2100,4,8,1MB , 6MB
200,Intel Core i7-2720QM,45,2200,4,8,1MB , 6MB
201,Intel Core i7-2675QM,45,2200,4,8,1MB , 6MB
202,Intel Core i7-2670QM,45,2200,4,8,1MB , 6MB
203,Intel Core i5-6400T,35,2200,4,4,1MB , 6MB
204,Intel Core i7-6567U,28,3300,2,4,512KB , 4M
205,Intel Core i5-7360U,15,2300,2,4,512KB , 4M
206,Intel Core i5-7267U,28,3100,2,4,512KB , 4M
207,AMD Ryzen 3 3300U,15,2100,4,4,2MB , 4MB
208,AMD Ryzen 3 PRO 3300U,15,2100,4,4,2MB , 4MB
209,AMD Ryzen 3 2300U,15,2000,4,4,2MB , 4MB
210,AMD Ryzen 3 PRO 2300U,15,2000,4,4,2MB , 4MB
211,Intel Core i7-7500U,15,2700,2,4,512KB , 4M
212,Intel Core i3-8130U,15,2200,2,4,1MB , 4MB
214,Intel Core i5-5350H,47,3000,2,4,512KB , 4M
215,Intel Core i5-7300U,15,2600,2,4,512KB , 3M
216,Intel Core i7-2635QM,45,2000,4,8,1MB , 6MB
217,Intel Core i7-2630QM,45,2000,4,8,1MB , 6MB
218,Intel Core i5-6287U,28,3100,2,4,512KB , 4M
219,Intel Core i7-5557U,28,3100,2,4,512KB , 4M
220,Intel Core i7-4610M,37,3000,2,4,512KB , 4M
221,Intel Core i7-4600M,37,2900,2,4,512KB , 4M
222,Intel Core i5-4340M,37,2900,2,4,512KB , 3M
223,Intel Core i5-5287U,28,2900,2,4,512KB , 3M
224,Intel Core i5-7260U,15,2200,2,4,512KB , 4M
225,Intel Core i5-6267U,28,2900,2,4,512KB , 4M
226,Intel Core i7-4578U,28,3000,2,4,512KB , 4M
227,Intel Core i5-4210H,47,2900,2,4,512KB , 3M
228,Intel Core i5-4330M,37,2800,2,4,512KB , 3M
229,Intel Core i7-3540M,35,3000,2,4,512KB , 4M
230,Intel Core i5-4200H,47,2800,2,4,512KB , 3M
231,Intel Core i7-4558U,28,2800,2,4,512KB , 4M
232,Intel Core i3-8121U,15,2200,2,4,512KB , 4M
233,Intel Core i5-5257U,28,2700,2,4,512KB , 3M
234,Intel Core i5-4308U,28,2800,2,4,512KB , 3M
235,AMD A10-6800K,100,4100,4,4,4MB,
236,Intel Core i5-4310M,37,2700,2,4,512KB , 3M
237,AMD A10-7850K,95,3700,4,4,4MB,
238,Intel Core i7-6600U,15,2600,2,4,512KB , 4M
239,Intel Core i7-6650U,15,2200,2,4,512KB , 4M
240,Intel Core i7-6560U,15,2200,2,4,512KB , 4M
241,Intel Core i5-7200U,15,2500,2,4,512KB , 3M
242,Intel Core i5-4300M,37,2600,2,4,512KB , 3M
243,Intel Core i3-7100H,35,3000,2,4,512KB , 3M
244,Intel Core i7-3520M,35,2900,2,4,512KB , 4M
245,Intel Core i7-6500U,15,2500,2,4,512KB , 4M
246,Intel Core i7-5600U,15,2600,2,4,512KB , 4M
247,Intel Core i7-5650U,15,2200,2,4,512KB , 4M
248,Intel Core i5-6360U,15,2000,2,4,512KB , 4M
249,Intel Core i5-4210M,37,2600,2,4,512KB , 3M
250,Intel Core i5-6300U,15,2400,2,4,512KB , 3M
251,Intel Core i5-4288U,28,2600,2,4,512KB , 3M
252,Intel Core i5-4278U,28,2600,2,4,512KB , 3M
253,Intel Core i5-3380M,35,2900,2,4,512KB , 3M
254,Intel Core i5-3360M,35,2800,2,4,512KB , 3M
255,AMD A10-7700K,95,3400,4,4,4MB,
256,AMD A8-7650K,95,3300,4,4,4MB,
257,Intel Core i3-3220,55,3300,2,4, 512KB, 3MB
258,Intel Core i5-4200M,37,2500,2,4,512KB , 3M
259,Intel Core i5-3340M,35,2700,2,4,512KB , 3M
260,Intel Core i7-2640M,35,2800,2,4,512KB , 4M
261,Intel Core i7-5500U,15,2400,2,4,512KB , 4M
262,Intel Core i7-5550U,15,2000,2,4,512KB , 4M
263,Intel Core i5-6260U,15,1800,2,4,512KB , 4M
264,Intel Core i5-3320M,35,2600,2,4,512KB , 3M
265,Intel Core i5-4258U,28,2400,2,4,512KB , 3M
266,AMD A8-6600K,100,3900,4,4,4MB,
267,AMD A10-5800K,100,3800,4,4,4MB,
268,Intel Core i5-3230M,35,2600,2,4,512KB , 3M
269,AMD A8-5600K,100,3600,4,4,4MB,
270,Intel Core i7-2620M,35,2700,2,4,512KB , 4M
271,Intel Core i7-4600U,15,2100,2,4,512KB , 4M
272,Intel Core i7-4650U,15,1700,2,4,512KB , 4M
273,Intel Core i3-7167U,28,2800,2,4,512KB , 3M
274,Intel Core i3-8109U,28,3000,2,4,512KB , 4M
275,Intel Core i5-6198DU,15,2300,2,4,512KB , 3M
276,Intel Core i5-6200U,15,2300,2,4,512KB , 3M
277,Intel Core i3-7130U,15,2700,2,4,512KB , 3M
278,Intel Core i3-6167U,28,2700,2,4,512KB , 3M
279,Intel Core i3-6100H,35,2700,2,4,512KB , 3M
280,Intel Core i5-5300U,15,2300,2,4,512KB , 3M
281,Intel Core i7-3687U,17,2100,2,4,512KB , 4M
282,Intel Core i5-5350U,15,1800,2,4,512KB , 3M
283,AMD A8-3850,100,2900,4,4,4MB,
284,Intel Core i7-4510U,15,2000,2,4,512KB , 4M
285,Intel Core i5-3210M,35,2500,2,4,512KB , 3M
286,Intel Core i7-8500Y,5,1500,2,4,512KB , 4M
287,Intel Core i5-2540M,35,2600,2,4,512KB , 3M
288,Intel Core i7-3667U,17,2000,2,4,512KB , 4M
289,Intel Core i7-4500U,15,1800,2,4,512KB , 4M
290,Intel Core i7-4550U,15,1500,2,4,512KB , 4M
291,Intel Core i7-7Y75,4,1300,2,4,512KB , 4M
292,Intel Core i5-8210Y,7,1600,2,4,512KB , 4M
293,Intel Core i5-8200Y,5,1300,2,4,512KB , 4M
294,Intel Core i5-4310U,15,2000,2,4,512KB , 3M
295,Intel Core i5-4360U,15,1500,2,4,512KB , 3M
296,AMD FX-9830P,25,3000,4,4,2MB,
297,Intel Core i7-3537U,17,2000,2,4,512KB , 4M
298,Intel Pentium G4500T,35,3000,2,2,512KB , 4M
299,AMD Ryzen 3 3200U,15,2600,2,4,1MB , 4MB
300,AMD Ryzen 3 2200U,15,2500,2,4,1MB , 4MB
301,AMD Ryzen 3 PRO 2200U,15,2500,2,4,1MB , 4MB
302,Intel Core i5-5200U,15,2200,2,4,512KB , 3M
303,Intel Core i5-5250U,15,1600,2,4,512KB , 3M
304,Intel Core i5-4300U,15,1900,2,4,512KB , 3M
305,Intel Core i5-4350U,15,1400,2,4,512KB , 3M
306,AMD PRO A12-9830B,25,3000,4,4,2MB,
307,Intel Core i5-2520M,35,2500,2,4,512KB , 3M
308,Intel Core i3-5157U,28,2500,2,4,512KB , 3M
309,Intel Core m3-8100Y,5,1100,2,4,512KB , 4M
310,Intel Core i5-7Y57,4,1200,2,4,512KB , 4M
311,Intel Core i5-7Y54,4,1200,2,4,512KB , 4M
312,Intel Core i3-6157U,28,2400,2,4,512KB , 3M
313,Intel Core i3-7100U,15,2400,2,4,512KB , 3M
314,AMD Athlon PRO 300U,15,2400,2,4,1MB , 4MB
315,AMD Athlon 300U,15,2400,2,4,1MB , 4MB
317,Qualcomm Snapdragon 855,5,2840,8,8, , 5MB
320,Intel Core i3-6100U,15,2300,2,4,512KB , 3M
321,Intel Core i3-4110M,37,2600,2,4,512KB , 3M
322,Intel Core m3-7Y32,4,1000,2,4,512KB , 4M
323,Intel Celeron J4105,10,1500,4,4,4MB,
324,AMD FX-9800P,15,2700,4,4,2MB,
325,AMD PRO A12-9800B,15,2700,4,4,2MB,
326,Intel Core i5-2450M,35,2500,2,4,512KB , 3M
327,Intel Core i7-3517U,17,1900,2,4,512KB , 4M
328,Intel Core i3-4100M,37,2500,2,4,512KB , 3M
329,Intel Core i5-2435M,35,2400,2,4,512KB , 3M
330,Intel Core i5-2430M,35,2400,2,4,512KB , 3M
331,Intel Pentium Gold 5405U,15,2300,2,4,512KB , 2M
332,Intel Pentium Gold 4415U,15,2300,2,4,512KB , 2M
333,Intel Core i3-4000M,37,2400,2,4,512KB , 3M
334,Intel Core i3-4100E,37,2400,2,4,512KB , 3M
335,Intel Core i3-3130M,35,2600,2,4,512KB , 3M
336,Intel Core i5-2415M,35,2300,2,4,512KB , 3M
337,Intel Core i5-2410M,35,2300,2,4,512KB , 3M
338,Intel Core m3-7Y30,4,1000,2,4,512KB , 4M
339,Intel Core i5-3437U,17,1900,2,4,512KB , 3M
340,AMD A12-9720P,15,2700,4,4,2MB,
341,AMD A12-9700P,15,2500,4,4,2MB,
342,AMD FX-8800P,12,2100,4,4,2MB,
343,AMD Pro A12-8800B,12,2100,4,4,2MB,
344,Intel Core i5-4210U,15,1700,2,4,512KB , 3M
345,Intel Core i5-4260U,15,1400,2,4,512KB , 3M
346,AMD A10-9620P,15,2500,4,4,2MB,
347,Intel Celeron 3965U,15,2200,2,2,512KB , 2M
348,Intel Core i3-3120M,35,2500,2,4,512KB , 3M
349,Intel Core i5-3427U,17,1800,2,4,512KB , 3M
350,Intel Core i5-4402E,25,1600,2,4,512KB , 3M
351,Intel Core m7-6Y75,4,1200,2,4,512KB , 4M
352,Intel Pentium G860,65,3000,2,2,256KB , 3M
353,Intel Core i5-4200U,15,1600,2,4,512KB , 3M
354,Intel Core i5-4250U,15,1300,2,4,512KB , 3M
355,Intel Core i3-5020U,15,2200,2,4,512KB , 3M
356,Intel Core i3-7020U,15,2300,2,4,512KB , 3M
357,AMD A10-9600P,15,2400,4,4,2MB,
358,AMD PRO A8-9600B,15,2400,4,4,2MB,
359,Intel Core i3-3110M,35,2400,2,4,512KB , 3M
360,AMD FX-7600P,35,2700,4,4,4MB,
361,Intel Pentium 4405U,15,2100,2,4,512KB , 2M
362,Intel Core i7-2649M,25,2300,2,4,512KB , 4M
363,Intel Core i3-5010U,15,2100,2,4,512KB , 3M
364,Intel Core i3-5015U,15,2100,2,4,512KB , 3M
365,Intel Core i3-6006U,15,2000,2,4,512KB , 3M
366,Intel Core i3-2370M,35,2400,2,4,512KB , 3M
367,Intel Core i3-5005U,15,2000,2,4,512KB , 3M
368,Intel Core i3-2350M,35,2300,2,4,512KB , 3M
369,Intel Core i3-2348M,35,2300,2,4,512KB , 3M
370,Intel Core i5-3337U,17,1800,2,4,512KB , 3M
371,Intel Core m5-6Y57,4,1100,2,4,512KB , 4M
372,Intel Core m5-6Y54,4,1100,2,4,512KB , 4M
373,AMD A10-8700P,12,1800,4,4,2MB,
374,AMD Pro A10-8700B,12,1800,4,4,2MB,
375,Intel Core i7-4610Y,11,1700,2,4,512KB , 4M
376,Intel Core i7-2629M,25,2100,2,4,512KB , 4M
377,Intel Core i7-2677M,17,1800,2,4,512KB , 4M
378,AMD A10-7400P,35,2500,4,4,4MB,
379,Intel Pentium 3560M,37,2400,2,2,512KB , 2M
380,Intel Core i3-2330M,35,2200,2,4,512KB , 3M
381,Intel Core i3-2328M,35,2200,2,4,512KB , 3M
382,Intel Pentium 2030M,35,2500,2,2,512KB , 2M
383,Intel Pentium 3550M,37,2300,2,2,512KB , 2M
384,Intel Core i5-3317U,17,1700,2,4,512KB , 3M
385,AMD A8-8600P,12,1600,4,4,2MB,
386,AMD Pro A8-8600B,12,1600,4,4,2MB,
387,AMD A8-7200P,35,2400,4,4,4MB,
388,AMD A10-5750M,35,2500,4,4,4MB,
389,AMD A10-5757M,35,2500,4,4,4MB,
390,Intel Core i7-2637M,17,1700,2,4,512KB , 4M
391,Intel Core i7-2657M,17,1600,2,4,512KB , 4M
392,Intel Core i7-3689Y,13,1500,2,4,512KB , 4M
393,Intel Pentium 2020M,35,2400,2,2,512KB , 2M
394,Intel Core i3-4158U,28,2000,2,4,512KB , 3M
395,Intel Pentium 3825U,15,1900,2,4,512KB , 2M
396,Intel Core i3-4120U,15,2000,2,4,512KB , 3M
397,Intel Celeron J4005,10,2000,2,2,4MB,
398,Intel Celeron 2970M,37,2200,2,2,512KB , 2M
399,Intel Core i5-4300Y,11,1600,2,4,512KB , 3M
400,Intel Core i5-4302Y,11,1600,2,4,512KB , 3M
401,Intel Pentium B980,35,2400,2,2,512KB , 2M
402,Intel Core M-5Y71,4,1200,2,4,512KB , 4M
403,Intel Core i3-4030U,15,1900,2,4,512KB , 3M
404,Intel Core i3-4025U,15,1900,2,4,512KB , 3M
405,Intel Celeron 4205U,15,1800,2,2,512KB , 2M
406,Intel Celeron 3865U,15,1800,2,2,512KB , 2M
407,AMD A10-4600M,35,2300,4,4,4MB,
408,AMD A10-4657M,35,2300,4,4,4MB,
409,Intel Core i3-2312M,35,2100,2,4,512KB , 3M
410,Intel Core i3-2310M,35,2100,2,4,512KB , 3M
411,Intel Core i3-2308M,35,2100,2,4,512KB , 3M
412,Intel Core i5-2557M,17,1700,2,4,512KB , 3M
413,AMD A10-5745M,25,2100,4,4,4MB,
414,AMD A8-5550M,35,2100,4,4,4MB,
415,AMD A8-5557M,35,2100,4,4,4MB,
416,Intel Core m3-6Y30,4,900,2,4,512KB , 4M
417,Intel Core M-5Y51,4,1100,2,4,512KB , 4M
418,Intel Core M-5Y70,4,1100,2,4,512KB , 4M
419,Intel Pentium Silver N5000,6,1100,4,4,4MB,
420,AMD FX-7500,19,2100,4,4,4MB,
426,AMD A10 Pro-7350B,19,2100,4,4,4MB,
427,Intel Celeron 1020E,35,2200,2,2,512KB , 2MB
428,Intel Core M-5Y31,4,900,2,4,512KB , 4MB
429,Intel Core M-5Y10c,4,800,2,4,512KB , 4M
430,Intel Core M-5Y10a,4,800,2,4,512KB , 4M
431,Intel Core M-5Y10,4,800,2,4,512KB , 4M
436,Intel Core i7-2617M,17,1500,2,4,512KB , 4M
437,Intel Core i5-3439Y,13,1500,2,4,512KB , 3M
438,AMD A9-9425,10,3100,2,2,1MB,
440,AMD A9-9420,10,3000,2,2,1MB,
441,Intel Core i5-4202Y,11,1600,2,4,512KB , 3M
442,Intel Core i5-4220Y,11,1600,2,4,512KB , 3M
443,Intel Core i3-4100U,15,1800,2,4,512KB , 3M
444,Intel Pentium Gold 4425Y,6,1700,2,4,512KB , 2M
445,Intel Core i3-3227U,17,1900,2,4,512KB , 3M
446,AMD A6-6400K,65,3900,2,2,4MB,
447,AMD A9-9410,10,2900,2,2,1MB,
448,Intel Core i5-4210Y,11,1500,2,4,512KB , 3M
449,Intel Core i5-2467M,17,1600,2,4,512KB , 3M
450,Intel Core i5-3339Y,13,1500,2,4,512KB , 3M
451,Intel Core i3-4010U,15,1700,2,4,512KB , 3M
452,Intel Core i3-4005U,15,1700,2,4,512KB , 3M
453,Intel Pentium Gold 4415Y,6,1600,2,4,512KB , 2M
454,Intel Core i3-3217U,17,1800,2,4,512KB , 3M
456,AMD A10-7300,19,1900,4,4,4MB,
457,AMD A8 Pro-7150B,19,1900,4,4,4MB,
458,Intel Pentium 4405Y,6,1500,2,4,512KB , 2M
459,Intel Core i5-4200Y,11,1400,2,4,512KB , 3M
460,Intel Pentium B970,35,2300,2,2,512KB , 2M
461,Intel Celeron 3765U,15,1900,2,2,512KB , 2M
462,Intel Pentium N4200,6,1100,4,4,2MB,
463,Intel Celeron 2950M,37,2000,2,2,512KB , 2M
464,AMD A8-7410,12,2200,4,4,2MB,
465,AMD A8-7100,19,1800,4,4,4MB,
466,Intel Core i3-4102E,25,1600,2,4,512KB , 3M
467,Intel Core i3-4030Y,11,1600,2,4,512KB , 3M
475,AMD A8-3550MX,45,2000,4,4,4MB,
476,AMD A4-5300,65,3400,2,2,2MB,
477,Intel Celeron N4100,6,1100,4,4,4MB,
478,Intel Celeron 1020M,35,2100,2,2,512KB , 2M
479,Intel Pentium Gold 4410Y,6,1500,2,4,512KB , 2M
480,Intel Celeron 3965Y,6,1500,2,2,512KB , 2M
481,Intel Pentium B960,35,2200,2,2,512KB , 2M
482,Intel Pentium 3805U,15,1900,2,2,512KB , 2M
483,Intel Core i3-4020Y,11,1500,2,4,512KB , 3M
484,Intel Core i3-4012Y,11,1500,2,4,512KB , 3M
485,AMD A8-6410,15,2000,4,4,2MB,
486,AMD A6-7310,12,2000,4,4,2MB,
487,AMD A6-6310,15,1800,4,4,2MB,
488,Intel Celeron 3755U,15,1700,2,2,512KB , 2M
489,Intel Celeron 3215U,15,1700,2,2,512KB , 2M
490,Intel Pentium B950,35,2100,2,2,512KB , 2M
491,AMD A8-3530MX,45,1900,4,4,4MB,
492,Intel Core i5-2537M,17,1400,2,4,512KB , 3M
493,AMD A8-3510MX,45,1800,4,4,4MB,
494,Intel Pentium 2127U,17,1900,2,2,512KB , 2M
495,Intel Pentium B940,35,2000,2,2,512KB , 2M
496,Intel Celeron 1005M,35,1900,2,2,512KB , 2M
499,AMD A4-7210,12,1800,4,4,2MB,
500,AMD A6-3430MX,45,1700,4,4,4MB,
501,Intel Pentium 3558U,15,1700,2,2,512KB , 2M
502,AMD A6-9225,10,2600,2,2,1MB,
503,AMD A6-9220,10,2500,2,2,1MB,
504,AMD A6-9220C,6,1800,2,2,1MB,
505,Intel Pentium 3556U,15,1700,2,2,512KB , 2M
506,Intel Pentium 2117U,17,1800,2,2,512KB , 2M
507,Intel Celeron 1000M,35,1800,2,2,512KB , 2M
508,Intel Celeron 1037U,17,1800,2,2,512KB , 2M
509,Intel Celeron 2981U,15,1600,2,2,512KB , 2M
510,Intel Celeron 2980U,15,1600,2,2,512KB , 2M
512,AMD A8-3520M,35,1600,4,4,4MB,
513,AMD A6-9210,10,2400,2,2,1MB,
514,AMD A10-4655M,25,2000,4,4,4MB,
515,AMD A8-4500M,35,1900,4,4,4MB,
516,AMD A8-4557M,35,1900,4,4,4MB,
517,AMD A6-3410MX,45,1600,4,4,4MB,
518,AMD A8-3500M,35,1500,4,4,4MB,
519,AMD A6-3420M,35,1500,4,4,4MB,
520,AMD A8-5545M,19,1700,4,4,4MB,
521,AMD A6-3400M,35,1400,4,4,4MB,
522,AMD A8-4555M,19,1600,4,4,4MB,
523,Intel Celeron B840,35,1900,2,2, , 2MB
524,AMD A6-5350M,35,2900,2,2,1MB,
525,AMD A6-5357M,35,2900,2,2,1MB,
526,Intel Pentium N3540,7,2160,4,4,2MB,
527,AMD A6-5200,25,2000,4,4,2MB,
528,Intel Celeron N3450,6,1100,4,4,2MB,
529,Intel Pentium N3710,6,1600,4,4,2MB,
531,Intel Celeron B830,35,1800,2,2, , 2MB
533,AMD A4-3330MX,45,2200,2,2,2MB,
534,AMD A4-5150M,35,2700,2,2,1MB,
535,AMD A6-4400M,35,2700,2,,1MB,
536,Intel Pentium J2900,10,2410,4,4,2MB,
537,AMD A4-4300M,35,2500,2,,1MB,
550,Intel Pentium N3530,7,2160,4,4,2MB,
551,Intel Celeron 1017U,17,1600,2,2,512KB , 2M
552,Intel Celeron 3205U,15,1500,2,2,512KB , 2M
553,Intel Celeron B820,35,1700,2,2,512KB , 2M
554,Intel Pentium N3700,6,1600,4,4,2MB,
555,Intel Pentium J2850,10,2400,4,4,2MB,
556,Intel Pentium N3520,7,2167,4,4,2MB,
557,Intel Celeron J1900,10,2000,4,4,2MB,
559,Intel Atom x7-Z8700,2,1600,4,4,2MB,
560,Intel Celeron N4000,6,1100,2,2,4MB,
561,AMD A4-9120,10,2200,2,2,1MB,
562,AMD A4-9120C,6,1600,2,2,1MB,
563,Intel Core i3-4010Y,11,1300,2,4,512KB , 3M
564,AMD E2-9010,10,2000,2,2,1MB,
565,AMD E2-7110,12,1800,4,4,2MB,
566,AMD A4-6210,15,1800,4,4,2MB,
567,AMD A6-8500P,15,1600,2,2,1MB,
568,AMD Pro A6-8500B,15,1600,2,2,1MB,
574,Intel Atom x5-Z8550,4,1440,4,4,2MB,
575,Intel Atom Z3795,4,1590,4,4,2MB,
